track_name,duration_s,input_file_size_mib,decoded_pcm_mib,decode_s,analysis_s,total_prepare_s,analysis_realtime_factor,analysis_frame_count,precomputed_state_mib,live_state_rss_increase_mib,peak_rss_mib,rss_after_release_mib
100 Horses.wav,226.36,38.080421447753906,152.32049560546875,0.30553675400005886,1.269854469001075,1.575764765000713,178.25664714009713,19494,1.056732177734375,162.60546875,333.71875,39.3203125
Au Pays du Cocaine.wav,210.94666666666666,35.48748779296875,141.94866943359375,0.13529588699930173,1.2110620559997187,1.3467388019998907,174.18320194379507,18166,0.985809326171875,151.70703125,313.4453125,39.15234375
Bow Down.wav,208.28,35.03885078430176,140.15423583984375,0.21186697899975115,1.2260803720000695,1.4386441269998613,169.87467115246193,17936,0.9735260009765625,149.79296875,309.8203125,39.04296875
Cobra.wav,185.16,31.14940643310547,124.59649658203125,0.12546933699923102,1.0427310489994852,1.1685584080005356,177.57215552146795,15945,0.8671951293945312,133.13671875,278.52734375,37.69921875
Getting Killed.wav,284.53333333333336,47.866825103759766,191.466064453125,0.30342195499906666,1.6060075069999584,1.909787532998962,177.1681216265577,24504,1.3242950439453125,204.21484375,412.51171875,42.07421875
Half Real.wav,202.2,34.01602554321289,136.06292724609375,0.17611675499938428,1.1170836130004318,1.2935961029997998,181.00704159190082,17413,0.9455947875976562,145.375,301.79296875,38.78125
Husbands.wav,248.22666666666666,41.75900459289551,167.03485107421875,0.1942883330011682,1.362539490999552,1.5572047199984809,182.1794291514948,21377,1.1572952270507812,178.40234375,363.55859375,40.69921875
Islands of Men.wav,354.1333333333333,59.575504302978516,238.30078125,0.3674874339994858,1.9838837860006606,2.3517703439993056,178.50507969886468,30499,1.6444625854492188,254.046875,506.1015625,45.0859375
Long Island City Here I Come.wav,399.08,67.13684272766113,268.54595947265625,0.46017787199889426,2.270792192999579,2.7314087830000062,175.74483531795107,34370,1.8511962890625,272.84375,566.7265625,33.671875
Taxes.wav,197.66666666666666,33.25338363647461,133.01239013671875,0.17184269000063068,1.1148739180007396,1.2870885190004628,177.2995703596104,17022,0.924713134765625,142.10546875,295.5546875,38.4765625
Trinidad.wav,225.86666666666667,37.99742317199707,151.988525390625,0.2353515819995664,1.2322590259991557,1.4680002299992339,183.29479590017743,19451,1.0544357299804688,162.3671875,333.53515625,39.72265625
